Ahnar,M
Ulid,M
Maa,U
Tullar,M
Orgir,M
Glom,M
Zanvath,M
Zarth,M
Tihkiod-Ked,M
Givon,M
Keritvek,M
Shovok,U
Thap,M
Shu,U
Tuebuemun,M
Mircar,M
Byron,M
Bergen,M
Franky,U
Bradly,M
Miquel,M
Lamprecht,M
Kolas,U
Holger,M
Ferdinando,M
Semjon,M
Steffen,M
Detlef,M
Theron,M
Winmar,U
Sidney,U
Nash,M
Ohnizul,F
Ruruh,F
Suluzne,F
Larlu,F
Rota,U
Nah,U
Zathefniy,F
Wivay,F
Surifas,F
Rofrith,F
Vursihu,F
Mervesh,F
Mui,F
Xui,F
Qod,U
Jeindr,U
Delphine,F
Rosegrethe,F
Sascha,F
Susan,F
Letje,F
Fleur,F
Susana,F
Josefine,F
Luane,F
Susen,F
Domenica,F
Geralynn,F
Luzie,F
Wilfreda,F
Cellina,F
Thery,U
